{
  "UserInfo": [
    {
      "username": "sanjaykumar",
      "pwd": "bsh1",
      "designation": "intern",
      "id": 1
    },
    {
      "username": "praveenkumar",
      "pwd": "bsh2",
      "designation": "Intern",
      "id": 2
    },
    {
      "username": "muthukumar",
      "pwd": "bsh3",
      "designation": "intern",
      "id": 3
    }
  ],
  "Employeedetails": [
    {
      "name": "Ethan",
      "empid": "1011",
      "emailid": "ethan@bshg.com",
      "id": 1,
      "srccs": "http://clipart-library.com/images/kTKo7BB8c.png",
      "phonenumber": "9715977963",
      "skill": "Web-Development"
    },
    {
      "name": "sarath",
      "empid": "1012",
      "id": 2,
      "emailid": "sarath@bshg.com",
      "srccs": "http://clipart-library.com/images/kTKo7BB8c.png",
      "phonenumber": "9715977963",
      "skill": "Testing"
    },
    {
      "name": "karan",
      "empid": "1013",
      "emailid": "karan@bshg.com",
      "id": 3,
      "srccs": "http://clipart-library.com/images/kTKo7BB8c.png",
      "phonenumber": "9043676545",
      "skill": "IT-Support"
    },
    {
      "name": "Thaman",
      "empid": "1014",
      "id": 4,
      "emailid": "thaman@bshg.com",
      "srccs": "http://clipart-library.com/images/kTKo7BB8c.png",
      "phonenumber": "9715977963",
      "skill": "E-Commerce"
    },
    {
      "name": "Kavin",
      "empid": "1015",
      "id": 5,
      "emailid": "Kavin@bshg.com",
      "srccs": "http://clipart-library.com/images/kTKo7BB8c.png",
      "phonenumber": "8681913384",
      "skill": "Web-Development"
    },
    {
      "name": "Karthick",
      "empid": "1016",
      "id": 6,
      "emailid": "kathick@bshg.com",
      "srccs": "http://clipart-library.com/images/kTKo7BB8c.png",
      "phonenumber": "8531913384",
      "skill": "Data-Analyst"
    },
    {
      "name": "Elango",
      "empid": "1017",
      "id": 7,
      "emailid": "Elango@bshg.com",
      "srccs": "http://clipart-library.com/images/kTKo7BB8c.png",
      "phonenumber": "9043696545",
      "skill": "Web-Development"
    },
    {
      "name": "Nandhini",
      "empid": "1018",
      "id": 8,
      "emailid": "Nandhini@bshg.com",
      "srccs": "http://clipart-library.com/images/kTKo7BB8c.png",
      "phonenumber": "9715977963",
      "skill": "IT-Support"
    },
    {
      "name": "Leela",
      "empid": "1019",
      "id": 9,
      "emailid": "leela@bshg.com",
      "srccs": "http://clipart-library.com/images/kTKo7BB8c.png",
      "phonenumber": "8681913384",
      "skill": "Testing"
    },
    {
      "name": "nisanth",
      "empid": "1020",
      "id": 10,
      "emailid": "nisanth@bshg.com",
      "srccs": "http://clipart-library.com/images/kTKo7BB8c.png",
      "phonenumber": "9043696545",
      "skill": "E-Commerce"
    },
    {
      "name": "Sasikiran",
      "empid": "1021",
      "id": 11,
      "emailid": "sasikiran@bshg.com",
      "srccs": "http://clipart-library.com/images/kTKo7BB8c.png",
      "phonenumber": "8989678964",
      "skill": "Data-Analyst"
    },
    {
      "name": "Barath",
      "empid": "1022",
      "id": 12,
      "emailid": "barath@bshg.com",
      "srccs": "http://clipart-library.com/images/kTKo7BB8c.png",
      "phonenumber": "8681913384",
      "skill": "Testing"
    },
    {
      "name": "Dharani",
      "empid": "1023",
      "id": 13,
      "emailid": "dharani@bshg.com",
      "srccs": "http://clipart-library.com/images/kTKo7BB8c.png",
      "phonenumber": "8362092862",
      "skill": "Web-Development"
    },
    {
      "name": "raghul",
      "empid": "1024",
      "emailid": "raghul@bshg.com",
      "id": 14,
      "srccs": "http://clipart-library.com/images/kTKo7BB8c.png",
      "phonenumber": "8681913384",
      "skill": "Testing"
    },
    {
      "name": "ajay",
      "empid": "1025",
      "emailid": "ajay@bshg.com",
      "srccs": "http://clipart-library.com/images/kTKo7BB8c.png",
      "phonenumber": "9043696545",
      "skill": "Web-Development",
      "id": 15
    },
    {
      "name": "yogesh",
      "empid": "1026",
      "emailid": "yogesh@bshg.com",
      "id": 16,
      "srccs": "http://clipart-library.com/images/kTKo7BB8c.png",
      "phonenumber": "9715977963",
      "skill": "Testing"
    },
    {
      "name": "Hariharan",
      "empid": "1027",
      "emailid": "hariharan@bshg.com",
      "srccs": "http://clipart-library.com/images/kTKo7BB8c.png",
      "phonenumber": "8681913384",
      "skill": "Web-Development",
      "id": 17
    },
    {
      "name": "Ragavi",
      "empid": 1028,
      "emailid": "ragavi@bshg.com",
      "srccs": "http://clipart-library.com/images/kTKo7BB8c.png",
      "phonenumber": "9689914486",
      "skill": "Data-Analyst",
      "id": 18
    },
    {
      "name": "Manoj",
      "empid": 1029,
      "emailid": "manoj@bshg.com",
      "srccs": "http://clipart-library.com/images/kTKo7BB8c.png",
      "phonenumber": "9878906424",
      "skill": "Data-Analyst",
      "id": 19
    }
  ]
}